obsHistID,expMJD,filter,FWHMeff,fiveSigmaDepth
183767,59823.286523,g,1.093153,24.377204
183811,59823.307264,g,1.23193,24.289872
184047,59823.418685,z,0.908511,21.923566
185595,59825.256044,r,0.949096,24.128617
185736,59825.325979,g,1.242407,24.316968
185785,59825.352519,g,1.139232,24.436879
187493,59827.2603,z,0.807941,22.896684
187525,59827.278039,z,0.789221,22.990253
187546,59827.287816,z,0.748829,23.078407
187589,59827.307705,z,0.78313,23.152559
187603,59827.314787,z,0.737639,23.278169
188992,59831.282065,y,0.864951,21.637001
188998,59831.284749,y,0.86527,21.638293
189408,59832.286563,y,0.927227,21.565914
189410,59832.287459,y,0.892628,21.607713
189438,59832.300037,y,0.901127,21.603858
190235,59835.229203,y,0.687516,21.848489
190247,59835.234574,y,0.697389,21.839287
190261,59835.240838,y,0.682609,21.869248
190486,59835.342307,y,0.740154,21.831827
190506,59835.352406,y,0.726127,21.853582
191253,59836.27921,z,0.805327,22.48682
191280,59836.291765,z,0.89064,22.393466
191299,59836.300643,z,0.877464,22.419594
191340,59836.319672,z,0.842551,22.481365
192895,59839.212084,r,0.87897,23.996169
193130,59839.325615,r,0.910452,24.026352
193170,59839.34463,r,0.72798,24.269137
195529,59842.194696,r,0.969729,24.064754
196438,59843.19904,i,0.959816,23.441221
196476,59843.216405,i,0.8201,23.655955
196570,59843.258667,i,0.909227,23.621382
196611,59843.280976,i,0.745115,23.86419
197356,59844.223991,r,0.830065,24.326122
197394,59844.241759,r,0.854513,24.329096
199504,59849.203519,r,1.224899,23.888403
199540,59849.219946,r,1.173648,23.969609
200152,59850.223152,i,1.057096,23.432202
200184,59850.241578,i,0.977688,23.543202
200705,59851.196667,u,1.300213,22.885441
200725,59851.205001,u,1.178473,23.02279
203564,59856.202558,i,0.944478,23.308269
203610,59856.223898,i,0.845476,23.489037
206057,59859.172625,y,0.788412,21.710002
207770,59861.15838,y,0.965394,21.48014
207800,59861.171813,y,0.932761,21.532221
210472,59864.23529,z,0.757954,22.472835
210522,59864.260556,z,0.695008,22.584469
211239,59866.207968,i,0.873485,23.150693
211269,59866.221884,i,0.851131,23.181887
217577,59874.157263,u,0.972417,23.277217
219936,59877.132868,r,0.74374,24.443149
219966,59877.146397,r,0.754402,24.454931
228838,59895.256522,i,0.884249,23.155983
228869,59895.270791,i,0.7948,23.252748
235013,59904.054465,u,1.045676,23.125721
237856,59908.019985,z,1.382836,21.437628
237886,59908.033468,z,1.177236,21.619118
238575,59909.021561,z,0.909841,21.894445
238613,59909.038773,z,0.836604,21.993334
242287,59914.044638,y,0.887578,21.601398
246591,59920.059321,y,0.802471,21.729546
250374,59926.1555,r,0.620962,24.440045
250407,59926.170531,r,0.685632,24.294913
252892,59930.039128,y,0.692495,21.744103
254312,59932.087256,g,0.651481,25.056335
254349,59932.109018,g,0.575433,25.192101
261962,59944.136597,i,0.583529,23.716514
261993,59944.150962,i,0.570036,23.740418
269090,59954.135576,i,0.769235,23.355418
269132,59954.155495,i,0.75627,23.29547
277107,59968.106906,u,1.156608,23.079624
282353,59978.069577,y,0.583834,22.06317
284051,59980.123537,y,0.800696,21.65707
286215,59984.023061,z,0.684503,22.226703
286255,59984.041429,z,0.727005,22.157973
295938,59996.016816,z,0.77847,22.081877
295972,59996.032231,z,0.730272,22.147092
306138,60009.025005,y,1.194446,21.249942
316732,60021.008047,z,0.822631,21.9987
390585,60132.428535,y,0.858329,21.473354
390599,60132.434799,y,0.856433,21.481727
395389,60140.442498,z,0.713976,22.176739
398400,60143.415058,r,1.141389,24.000999
400437,60145.41211,g,0.876033,24.634283
401557,60147.365899,r,1.175973,23.877067
401596,60147.385248,r,1.117925,23.983228
406930,60158.377418,y,0.709267,21.846192
409007,60160.385859,z,0.684982,22.723531
409037,60160.399405,z,0.688699,22.742112
410887,60162.321471,y,0.882306,21.561258
410902,60162.329563,i,1.002319,22.827279
410929,60162.341777,i,0.984303,22.880996
417060,60175.340959,r,0.796793,24.414606
417099,60175.358647,r,0.815984,24.41423
417975,60176.295388,u,1.18343,22.941099
419722,60178.315037,g,0.78973,24.731483
419767,60178.33579,g,0.730282,24.858513
420610,60179.271522,i,1.025235,23.348474
420652,60179.291217,i,1.167156,23.260885
425486,60184.263747,y,0.959363,21.473743
428498,60193.324847,i,0.954296,23.293531
428531,60193.3414,i,1.0763,23.172308
429132,60195.230303,r,1.039996,23.992679
431150,60198.229227,u,1.310686,22.801215
433920,60201.224154,u,1.282806,22.833503
436768,60206.394103,z,0.632319,22.31533
437319,60207.233792,i,0.992328,23.478914
437349,60207.24742,i,0.947824,23.553675
439120,60209.224161,r,1.013386,24.055257
440982,60211.250774,r,0.900613,24.027205
441020,60211.269354,r,0.82764,24.178566
443137,60215.239884,y,1.050191,21.431722
443780,60216.196877,z,0.972912,21.889036
443821,60216.215451,z,0.896588,22.016881
444687,60217.199835,y,0.807919,21.690936
444737,60217.222199,y,0.944616,21.539237
444751,60217.228518,y,0.958651,21.527296
447526,60223.190851,r,1.187345,23.946652
448301,60224.160661,r,0.94411,24.129808
448346,60224.183071,r,0.901836,24.234736
449903,60227.199415,g,0.837021,24.705846
449954,60227.223229,g,0.779255,24.820429
458259,60242.110045,y,0.721431,21.789691
458622,60242.283344,i,0.79914,23.377774
458668,60242.307171,i,0.716838,23.543676
461451,60246.102505,y,0.734069,21.775181
465984,60260.073383,u,1.471196,22.736181
470398,60267.040347,r,1.198387,23.74294
471884,60269.039442,y,0.866475,21.594804
474779,60273.019818,z,0.994213,21.795397
474805,60273.031529,z,0.927792,21.876461
476328,60275.046622,z,1.066163,21.912062
476369,60275.066217,z,0.906596,22.10007
479257,60279.05136,g,1.211126,24.293141
479286,60279.064425,g,1.179316,24.345811
479666,60279.24758,i,1.011179,23.046458
479703,60279.265047,i,1.141117,22.872658
484866,60290.032204,z,0.744661,22.130885
484906,60290.050584,z,0.728011,22.159041
490000,60297.112948,r,0.804152,24.295629
496953,60309.212443,i,0.925059,23.03613
512655,60331.076229,y,0.996808,21.496563
513434,60332.097749,y,0.89211,21.604464
516300,60336.03705,z,1.478292,21.393475
523889,60350.037338,z,0.790463,22.067532
530317,60359.035496,y,0.635699,21.815942
532800,60362.061758,y,0.994829,21.444391
538392,60369.011023,z,0.93092,21.883531
538431,60369.029012,z,0.971974,22.736008
614607,60498.400824,i,1.246113,23.145535
614643,60498.418483,i,1.179618,23.251737
615742,60499.426584,u,1.161205,23.025886
617751,60501.393583,g,1.056155,24.308805
617785,60501.409224,g,1.006055,24.412876
627968,60512.402194,z,0.84779,22.370381
628000,60512.421918,z,0.815221,22.480184
632472,60520.391818,r,1.054987,23.906856
632507,60520.409016,r,1.023743,23.964786
635872,60528.353616,i,0.930467,23.546855
635910,60528.371236,i,0.896183,23.619499
638838,60531.336983,r,1.027302,24.081902
638862,60531.348133,r,0.999843,24.135355
645549,60539.328782,y,0.893323,21.59136
645586,60539.346524,y,0.86252,21.641837
646585,60540.337081,y,0.752611,21.785639
646601,60540.34424,y,0.74263,21.80475
646616,60540.350994,y,0.73413,21.821146
647533,60541.301469,y,1.01952,21.427033
654482,60549.280377,i,0.928414,23.455802
654515,60549.295432,i,0.89303,23.520616
654536,60549.305537,i,0.873002,23.555022
654562,60549.317348,i,0.852891,23.589093
657400,60554.287608,u,1.083624,23.138294
658295,60555.258054,u,0.963359,23.158398
661026,60558.31582,r,0.897756,24.317421
661061,60558.331584,r,0.881342,24.353522
662433,60560.238415,u,1.439497,22.694761
662539,60560.288311,g,1.184715,24.330217
662586,60560.310347,g,1.144473,24.401934
665663,60568.304583,i,0.653021,23.562711
665701,60568.322181,i,0.643487,23.62465
667122,60570.250005,y,0.748333,21.788168
667149,60570.262162,y,0.731009,21.821769
670722,60575.244566,i,0.819217,23.179604
670765,60575.265083,i,0.792085,23.238641
670968,60575.360892,i,0.755607,23.332336
671002,60575.376577,i,0.762097,23.319482
671658,60578.270625,r,1.175604,23.951639
674104,60581.173874,r,1.198354,23.840237
676808,60584.208576,r,0.889655,24.272234
676841,60584.224205,r,0.862778,24.332548
680166,60588.162637,u,0.840938,23.281726
684468,60593.16424,r,0.783558,24.233779
685689,60595.189767,i,0.941834,23.304972
685716,60595.201951,i,0.92208,23.357156
687276,60597.159591,y,1.246637,21.220055
687405,60597.222623,i,1.189132,22.840312
687440,60597.2388,i,1.171887,22.881215
688416,60598.307017,z,0.779746,22.704026
688451,60598.326317,z,0.791038,22.725906
689831,60600.170055,y,0.793093,21.726522
689840,60600.174092,y,0.786803,21.737961
691013,60601.33412,z,0.638378,22.56651
691048,60601.351369,z,0.654369,22.54098
693870,60605.134045,r,0.794086,24.269971
693974,60605.184471,r,0.716432,24.27018
693998,60605.195244,r,0.706598,24.285706
694815,60606.202902,g,0.993133,24.128218
696246,60608.126803,r,0.717001,24.469409
698621,60611.118772,r,0.6264,24.616453
703723,60619.138044,g,0.779223,24.797185
703769,60619.159355,g,0.757202,24.862562
704745,60621.122366,r,0.751637,24.43463
705396,60622.074016,r,0.872634,24.095256
705440,60622.094632,r,0.825326,24.21363
706922,60624.078174,r,0.83057,23.958152
707630,60625.053664,z,0.996393,22.394768
707660,60625.067497,z,0.953523,22.480902
709972,60628.075317,y,1.071903,21.384365
721609,60647.02202,z,0.943876,21.863853
721639,60647.03558,z,0.914538,21.902689
726568,60654.032627,z,0.904388,21.919205
726608,60654.051685,z,0.877579,22.657699
731764,60661.162752,i,0.683962,23.380194
738185,60671.034326,y,0.656277,21.81017
738200,60671.041066,y,0.65306,21.817017
738202,60671.041985,y,0.652668,21.817853
742408,60677.068898,u,1.297464,23.054035
749662,60687.151435,z,0.834911,22.421437
749698,60687.168761,z,0.875045,22.330384
752723,60692.059128,y,0.637395,21.991204
765259,60709.027703,y,0.640358,21.83352
766975,60711.09952,i,0.68733,23.628263
767016,60711.118848,i,0.730628,23.53884
769988,60715.037186,z,0.624317,22.323887
770035,60715.059119,z,0.649496,22.892015
772396,60718.041854,y,0.876697,21.622906
778844,60727.023974,z,0.816275,22.028192
781420,60730.066288,g,1.083813,24.270743
782200,60731.054561,u,0.884168,23.232187
785475,60736.049399,g,0.856845,24.528123
787962,60739.029926,r,1.059141,23.869801
796365,60753.00923,z,0.714816,22.147901
799046,60755.994133,y,0.671387,21.707758
879101,60870.389074,y,1.089342,21.341209
879117,60870.39626,y,1.065715,21.374085
888380,60881.3883,g,1.085361,24.382082
888403,60881.398785,g,1.060805,24.430105
889408,60882.38851,r,0.809491,24.367637
889458,60882.412927,r,0.771894,24.46114
896821,60890.401185,r,0.902604,24.304956
896845,60890.412005,r,0.889695,24.333163
898736,60893.39043,i,0.854462,23.355621
898766,60893.404107,i,0.838763,23.4765
898787,60893.413622,i,0.829889,23.593651
901603,60896.311758,y,0.97622,21.45137
903692,60898.358971,z,0.68389,22.674043
903729,60898.376331,z,0.663975,22.74062
903742,60898.383128,z,0.657528,22.763617
903765,60898.394617,z,0.648178,22.798997
906932,60902.346309,i,0.725109,23.445816
906980,60902.369223,i,0.697965,23.521781
911592,60907.350036,u,0.941986,23.363798
914646,60911.281687,u,1.188765,22.929965
916726,60913.348304,r,1.02743,24.175998
916788,60913.378703,r,0.998825,24.231186
918807,60931.383257,i,0.804158,23.446879
920424,60933.270926,r,0.932282,24.200488
924934,60938.229578,r,1.118334,24.004306
924974,60938.248127,r,1.074274,24.083453
927715,60941.245852,g,1.126115,24.386315
927749,60941.261517,g,1.097824,24.43916
928526,60942.202283,r,1.362716,23.751458
928549,60942.212802,r,1.324658,23.807464
929430,60943.198718,i,0.942693,23.490368
929467,60943.215441,i,0.901885,23.576044
932122,60946.210614,i,1.033754,23.385536
932167,60946.231678,i,0.989792,23.518737
932974,60947.198473,r,1.072126,23.944502
936458,60952.200482,y,0.95364,21.522086
936494,60952.216594,y,0.923832,21.567712
937329,60954.198307,y,0.991111,21.482744
937336,60954.201451,y,0.984757,21.492006
938155,60955.168969,y,1.017355,21.430044
943907,60962.128772,r,1.063669,23.964728
944853,60963.193088,r,0.851752,24.356172
944884,60963.207519,r,0.833771,24.397987
946375,60965.121808,r,0.992831,24.040452
947264,60966.139892,u,1.178234,22.975933
947284,60966.148225,u,1.152346,23.032442
949567,60971.113326,u,1.093863,22.997747
951272,60973.146562,i,0.678653,23.909665
951315,60973.166401,i,0.65423,23.980561
952002,60974.126403,g,0.945787,24.408159
952077,60974.164207,g,0.875104,24.661845
952767,60975.115667,r,0.954965,24.09681
955117,60978.117397,r,1.238467,23.63252
955484,60979.10925,i,0.927037,23.210828
955518,60979.124516,i,0.893373,23.28852
965402,61000.090406,i,0.937613,23.586653
965451,61000.113292,i,0.908365,23.647923
968196,61005.022643,z,1.253194,21.547744
968226,61005.036136,z,1.205234,21.596228
969018,61006.055418,r,0.874385,24.159777
972811,61012.201165,z,0.761293,22.498187
972852,61012.222309,z,0.782633,22.458552
975160,61016.025647,y,0.950597,21.376919
975170,61016.03012,y,0.941656,21.39056
976320,61017.252596,i,0.846283,23.176623
976357,61017.269612,i,0.888353,23.072541
976375,61017.277674,i,0.911907,23.017445
988528,61036.061924,r,0.920659,24.123022
989174,61037.043454,y,0.765011,21.646078
992262,61041.191737,z,1.07004,22.140646
992293,61041.207047,z,1.119768,22.064037
992909,61042.166391,y,1.119105,21.349516
994962,61045.126153,i,0.768891,23.288663
994993,61045.140446,i,0.786161,23.223367
998847,61056.133312,g,1.015581,24.460011
998877,61056.149773,g,1.057852,24.373915
1006662,61067.031379,z,0.961814,21.860531
1006698,61067.048105,z,0.975923,21.842959
1009715,61071.055571,y,0.771061,21.773034
1013669,61076.119199,i,1.334355,22.55889
1014261,61077.028439,z,1.001759,21.81355
1014292,61077.042453,z,1.020635,21.790928
1028670,61095.060843,r,1.136439,23.683834
1032144,61100.015961,y,1.274662,21.053205
1032212,61100.046422,y,1.386447,21.077186
1034735,61103.018333,y,1.007101,21.299153
1038999,61108.00783,y,0.771973,21.584574
1041603,61111.009834,z,0.97825,21.818023
1049266,61119.994308,z,1.357535,21.457597
1128100,61239.411528,g,1.444283,24.079875
1136080,61249.350908,y,1.092566,21.337194
1136128,61249.373554,y,1.025168,21.431847
1138145,61251.344893,y,1.233787,21.204463
1138154,61251.348951,y,1.218243,21.223544
1140240,61253.370893,y,0.897115,21.584367
1148195,61262.328373,g,1.035923,24.388376
1148232,61262.345271,g,0.992252,24.479456
1151374,61266.391726,u,0.896579,23.457981
1151383,61266.395774,u,0.892965,23.467412
1153284,61268.350347,r,0.958854,24.216694
1153315,61268.364975,r,0.936202,24.263594
1157702,61274.408218,i,0.939023,23.641384
1158507,61275.328602,i,0.819181,23.455088
1158534,61275.34086,i,0.802104,23.520176
1161449,61278.304629,y,0.682146,21.88345
1162429,61279.294546,y,0.747258,21.778122
1166723,61287.302281,i,1.124812,23.196024
1166758,61287.318568,i,1.097074,23.232713
1168170,61297.224957,u,1.008673,23.107904
1169096,61298.220877,u,0.846654,23.284486
1170830,61302.193594,r,1.082482,23.720575
1171853,61303.265163,r,1.094064,23.885528
1171888,61303.282468,r,1.068206,23.947076
1172963,61304.388057,z,0.715744,22.18076
1172992,61304.401256,z,0.724901,22.16541
1175308,61307.230816,y,0.873275,21.619486
1177037,61309.187145,y,1.039066,21.391791
1178286,61310.360158,z,0.923513,22.242992
1178324,61310.378474,z,0.936969,22.249109
1178334,61310.38328,z,0.941547,21.881713
1178857,61311.203496,y,0.793136,21.70998
1182359,61315.226288,r,0.901052,23.993081
1182409,61315.250086,r,0.87062,24.027462
1183929,61317.156793,r,1.170085,23.859109
1185856,61319.259643,i,0.672009,23.992689
1185894,61319.279161,i,0.664104,24.015545
1187370,61321.157525,u,1.143993,22.959906
1189943,61324.202932,r,0.617817,24.702282
1189973,61324.216481,r,0.605179,24.7428
1192098,61327.16279,r,0.918238,24.214253
1192128,61327.177235,r,0.888691,24.278701
1192987,61328.193045,r,0.898562,24.296991
1193022,61328.209524,r,0.876959,24.344683
1194149,61329.375455,z,0.910142,21.909829
1194630,61330.219302,g,0.980577,24.518679
1194668,61330.23721,g,0.96652,24.600168
1195309,61331.163809,r,0.991419,24.020014
1195343,61331.179434,r,0.961585,24.098618
1196401,61332.302423,i,0.700466,23.952169
1196456,61332.332918,i,0.720826,23.896806
1198526,61336.184499,z,0.782606,22.633251
1199275,61337.156924,y,1.008625,21.468724
1200300,61338.259973,z,0.765256,22.420025
1200344,61338.282685,z,0.771965,22.420997
1200836,61340.13444,y,0.813016,21.692161
1204924,61351.078462,u,1.118493,22.99937
1205926,61355.194516,i,0.658341,24.028484
1205971,61355.217702,i,0.658908,24.026821
1206428,61356.100024,g,0.916794,24.583445
1206459,61356.114917,g,0.891764,24.646199
1209686,61361.116937,i,0.910943,23.509181
1209724,61361.136416,i,0.89074,23.565907
1211705,61364.072963,z,0.786667,22.673383
1211728,61364.083899,z,0.769405,22.717836
1212793,61365.257781,i,1.137631,22.885447
1212826,61365.273303,i,1.168911,22.876721
1213025,61366.024655,z,1.41369,21.41172
1213065,61366.042876,z,1.335577,21.814958
1220933,61378.033119,y,0.883346,21.455493
1221625,61379.029665,z,0.661271,22.254218
1223100,61381.038997,z,0.854148,21.980491
1224718,61383.141149,r,0.63893,24.724673
1224748,61383.156631,r,0.642832,24.712794
1225482,61384.172709,g,0.922744,24.659396
1225512,61384.187288,g,0.93681,24.62824
1230339,61392.058622,r,0.797271,24.077447
1231985,61394.199782,i,0.694002,23.356583
1232013,61394.213235,i,0.715134,23.327217
1237357,61409.135547,u,0.900821,23.414118
1240153,61413.112544,r,0.708434,24.577743
1240183,61413.126202,r,0.722279,24.539826
1243717,61419.145159,i,0.960747,23.422738
1243759,61419.167977,i,1.0225,23.387267
1246568,61423.13579,i,0.754958,23.269689
1246615,61423.157985,i,0.802779,23.17275
1254591,61434.120493,r,0.704987,24.348879
1254623,61434.135926,r,0.73968,24.2855
1257583,61438.125258,g,0.688389,24.772415
1260426,61442.065198,g,0.737208,24.834344
1260458,61442.082794,g,0.766216,24.753376
1261941,61444.070817,u,0.900397,23.336499
1265026,61449.061602,r,0.798751,24.213473
1265076,61449.085123,r,0.850983,24.113569
1267452,61452.091535,i,1.31081,22.667998
1268913,61454.029357,y,0.972479,21.360084
1269835,61455.084031,y,0.888523,21.546042
1272214,61458.043364,y,0.794269,21.708381
1274638,61461.016721,z,0.742465,22.130438
1274696,61461.045688,z,0.7967,22.994944
1280437,61468.046869,i,0.993454,23.383122
1287961,61476.99833,z,0.775592,22.074291
1287993,61477.01279,z,0.809312,22.021354
1291411,61480.99709,y,0.818991,21.508399
1291415,61480.998881,y,0.823466,21.500233
1292303,61482.010129,y,0.675432,21.695435
1384071,61607.375019,z,1.013163,22.248389
1384115,61607.395628,z,0.957494,22.369034
1385105,61608.371905,y,0.78126,21.706493
1385107,61608.372801,y,0.779132,21.710581
1398049,61625.323408,r,0.931366,24.141787
1398087,61625.343826,r,0.8793,24.255634
1398188,61625.396008,r,0.797152,24.448463
1398219,61625.410333,r,0.784216,24.480468
1401102,61628.347466,i,0.98467,23.481794
1401125,61628.357822,i,0.963783,23.537565
1403828,61631.305638,y,0.80462,21.669989
1404874,61648.264703,u,1.39762,22.757883
1404901,61648.276822,u,1.350688,22.84573
1405916,61649.297674,i,0.9729,23.522703
1405954,61649.315195,i,0.942384,23.584346
1411482,61655.290709,i,0.886676,23.63875
1411512,61655.30422,i,0.867108,23.681905
1412275,61656.2411,r,0.828907,24.105015
1412470,61656.336103,g,0.723629,24.92716
1412506,61656.352293,g,0.716059,24.948737
1413649,61672.200333,g,1.053637,24.352468
1413678,61672.213435,g,1.016113,24.429517
1414016,61672.378962,r,0.845057,24.281467
1416240,61677.393426,z,0.786344,22.075029
1416678,61678.192279,u,1.111552,23.04656
1419149,61681.169773,u,1.230996,22.865311
1419345,61681.261153,r,0.909128,24.323235
1419379,61681.277434,r,0.897725,24.347886
1421046,61683.254247,i,0.830452,23.756353
1421094,61683.276776,i,0.816636,23.788763
1422642,61685.221612,r,0.99457,24.101943
1423375,61686.169421,r,0.980782,23.868751
1423427,61686.195908,r,0.920807,24.024183
1425237,61688.256358,i,0.861487,23.442513
1425268,61688.270499,i,0.85511,23.489003
1426663,61690.143655,z,1.039858,22.223798
1426706,61690.163839,z,0.980951,22.341873
1427245,61691.13935,y,1.378062,21.082436
1427336,61691.18016,y,1.237075,21.241794
1431095,61695.361388,y,0.848328,21.512908
1432668,61697.32729,i,0.627855,23.451616
1432701,61697.342873,i,0.640597,23.414618
1439089,61708.097736,u,1.164136,22.935285
1439481,61708.354863,z,0.906591,21.908714
1439512,61708.368866,z,0.940756,21.862973
1439874,61709.175185,r,0.870318,24.362108
1439918,61709.195679,r,0.854065,24.398947
1443809,61722.062152,y,1.04899,21.388454
1443853,61722.081834,y,0.994262,21.467681
1443913,61722.108725,y,0.939577,21.549379
1444904,61723.214545,z,0.67885,22.447738
1444935,61723.229453,z,0.68363,22.438506
1447989,61727.26556,i,1.044617,23.051247
1448011,61727.275949,i,1.062813,23.012906
1450095,61730.236431,g,1.057401,24.136167
1453722,61736.264909,r,0.827943,24.354599
1453766,61736.28841,r,0.875967,24.243374
1457940,61742.293535,g,1.036309,24.324582
1458081,61743.028913,z,0.817588,22.022489
1458110,61743.04226,z,0.794368,22.057808
1459722,61745.155891,i,0.77229,23.735739
1459752,61745.170312,i,0.777786,23.745234
1462587,61749.220037,i,0.732915,23.24897
1462617,61749.234274,i,0.754601,23.222282
1463719,61751.102402,y,0.628915,22.009246
1464308,61752.042162,y,0.872257,21.489808
1467285,61756.145783,r,1.013478,23.811371
1468776,61758.194835,r,0.794291,24.18134
1468810,61758.210891,r,0.820868,24.084943
1470171,61760.197503,g,0.971338,24.246599
1471711,61764.211959,u,1.144377,23.013531
1477411,61773.03985,z,0.745018,22.139007
1479671,61776.125944,i,1.067589,23.127023
1479710,61776.145186,i,1.101719,23.094848
1480973,61778.088538,i,0.706068,23.337243
1480989,61778.09576,i,0.710441,23.326542
1482973,61781.061234,y,0.601516,22.056975
1483816,61782.117346,z,0.641579,22.631239
1483860,61782.138384,z,0.666796,22.543893
1484493,61783.107772,y,0.706818,21.866674
1488144,61788.11888,g,1.239185,24.147585
1490148,61791.056552,y,0.947875,21.558799
1491603,61793.069389,r,0.897818,24.323658
1491633,61793.087203,r,0.918611,24.278811
1492275,61794.06539,u,1.488961,22.896606
1493058,61795.08885,r,1.357052,23.842909
1493088,61795.102598,r,1.393103,23.791379
1499666,61805.104101,r,1.059778,23.722402
1499694,61805.120532,r,1.115084,23.643994
1503360,61811.088448,y,0.823537,21.656785
1504173,61812.092296,z,0.997578,22.134784
1504206,61812.108014,z,1.051235,22.019208
1505741,61814.087197,i,0.93196,22.977066
1509745,61819.079421,g,1.000397,24.376558
1510491,61820.056218,g,0.776193,24.715471
1510518,61820.068937,g,0.80468,24.638776
1514481,61825.046588,u,1.339205,22.838032
1519448,61831.038079,r,1.220408,23.822397
1519473,61831.049453,r,1.265412,23.751843
1521862,61834.013026,y,1.159708,21.149784
1526889,61840.004303,y,0.907552,21.408266
1527797,61841.015078,z,0.913221,21.890765
1529805,61844.008003,y,1.232657,21.058318
1617040,61990.391601,y,0.794401,21.740818
1628661,62010.26925,i,0.940926,23.391105
1628693,62010.284347,i,0.900595,23.556987
1632981,62016.305181,z,0.712852,22.68982
1633002,62016.314587,z,0.701998,22.728769
1633016,62016.320872,z,0.695566,22.75364
1633046,62016.334755,z,0.683581,22.805956
1634971,62020.26859,y,0.799116,21.707737
1635087,62020.320564,y,0.729917,21.837259
1635092,62020.32286,y,0.727994,21.840962
1636328,62022.325148,y,0.702566,21.882023
1636956,62026.288829,r,0.788834,24.279135
1639296,62029.207237,r,0.922274,24.119585
1640279,62030.247419,u,1.338062,22.907256
1642074,62032.209742,u,1.153601,22.948558
1643181,62033.319908,i,0.85313,23.741959
1643211,62033.33369,i,0.848723,23.751961
1643883,62034.241758,i,0.850135,23.665729
1643927,62034.264865,i,0.815466,23.746262
1645582,62036.22747,g,0.904985,24.581791
1645627,62036.248713,g,0.866764,24.672085
1648090,62039.19591,i,1.244259,23.101979
1648121,62039.212325,i,1.190205,23.207035
1650742,62042.36303,r,0.906394,24.333508
1651585,62044.212137,y,0.883895,21.605688
1651948,62044.383813,z,0.847025,21.995116
1652487,62045.215446,y,0.647735,21.947601
1653320,62046.204726,y,0.709231,21.843209
1654180,62047.186952,y,0.735919,21.789825
1656229,62049.331697,z,0.609267,22.720985
1656264,62049.347601,z,0.615769,22.714816
1656284,62049.356624,z,0.620813,22.708923
1656314,62049.370238,z,0.630435,22.697202
1658794,62052.344495,i,0.609241,23.506592
1658833,62052.362665,i,0.621509,23.471057
1659231,62053.150145,r,0.778354,24.016742
1660479,62054.348276,r,0.721414,24.210064
1660507,62054.36121,r,0.732902,24.176575
1664030,62059.151567,u,0.972386,23.201225
1665450,62061.190936,g,1.021,24.511552
1665488,62061.212419,g,0.992445,24.570196
1668445,62067.113778,r,0.956555,24.039225
1670568,62070.115306,r,0.793831,24.041861
1672503,62076.105233,y,0.710634,21.825236
1672519,62076.11239,y,0.697803,21.851971
1674067,62078.079059,y,0.733607,21.765712
1677715,62082.33448,i,0.745144,23.335255
1678139,62083.180044,r,0.72198,24.366314
1678177,62083.197577,r,0.716891,24.359313
1681502,62089.076855,u,1.338619,22.880586
1686350,62096.165785,i,0.901481,23.658807
1686391,62096.186492,i,0.901746,23.68665
1687520,62098.030602,z,0.871468,21.942418
1687560,62098.049091,z,0.827454,22.977086
1687568,62098.05536,r,0.86931,24.125443
1689935,62102.052527,z,0.938132,22.435745
1689974,62102.070723,z,0.905575,22.505899
1693520,62107.051538,y,0.756372,21.782849
1694973,62110.041932,z,0.65596,22.266848
1695040,62110.08057,z,0.620266,23.299098
1695231,62110.168782,i,0.618346,23.616065
1695264,62110.18387,i,0.625183,23.577142
1695907,62111.1689,r,0.799569,24.052609
1701451,62119.19082,u,1.000687,23.301155
1702794,62121.176104,r,0.822569,24.41312
1702832,62121.195492,r,0.847257,24.355147
1704147,62123.160098,g,0.741485,24.886527
1704179,62123.175639,g,0.755854,24.846886
1708677,62130.15905,i,0.847631,23.417108
1708706,62130.17281,i,0.866643,23.402457
1714239,62138.186375,y,0.983382,21.471307
1714930,62139.173896,i,0.988573,22.944842
1718941,62145.102667,g,0.720352,24.914993
1718974,62145.119767,g,0.73695,24.867893
1719762,62146.175048,r,0.927994,24.157437
1719783,62146.184836,r,0.957025,24.096316
1723164,62151.126079,u,0.868557,23.401708
1727373,62157.087804,r,0.911955,24.184289
1727402,62157.10298,r,0.935695,24.149425
1727993,62158.049121,y,0.635371,21.845207
1728909,62159.143538,i,0.957706,23.250919
1729437,62160.047507,z,0.814946,22.039609
1729477,62160.070318,z,0.835692,22.75579
1730291,62161.106997,i,0.699692,23.371642
1730322,62161.121193,i,0.724132,23.312197
1737783,62171.039704,y,0.617293,21.867818
1743995,62179.063318,r,1.046359,24.078682
1744025,62179.077834,r,1.086193,24.004886
1747000,62183.042696,u,1.0123,23.220517
1750230,62187.023165,z,0.671868,22.240503
1750270,62187.04227,z,0.700085,23.154634
1751127,62188.068288,i,0.908881,23.300458
1754326,62192.048829,y,0.747308,21.758215
1755955,62194.021519,y,1.014076,21.300786
1762469,62202.004397,z,0.937803,21.871565
1762502,62202.020169,z,0.978618,21.818829
1764208,62204.032758,r,1.122044,23.904159
1766775,62207.024848,g,1.136469,24.21046
1767605,62208.001463,z,1.305317,21.507127
1767640,62208.017308,z,1.37103,22.49354
1774490,62216.989633,y,0.65221,21.74561
1774506,62216.996784,y,0.668223,21.708687
1869913,62344.377593,y,0.988734,21.473319
1876746,62351.420863,r,0.983923,22.268472
1877617,62352.352239,i,1.236693,23.132425
1877648,62352.366247,i,1.196394,23.189607
1878740,62353.419306,g,0.700796,22.835982
1882603,62357.320456,u,1.174692,22.933073
1885119,62361.304081,g,0.987799,24.391206
1885154,62361.320511,g,0.940181,24.496764
1886250,62362.373095,r,1.074266,24.118517
1886281,62362.387765,r,1.054739,24.154422
1890291,62367.424653,z,0.816011,22.040548
1891764,62369.312501,y,0.867503,21.618201
1891836,62369.348388,i,0.850193,23.272466
1892676,62370.274381,y,0.897394,21.540092
1892779,62370.320578,y,0.79101,21.727212
1893669,62371.268385,y,1.181485,21.236387
1895020,62373.288443,y,0.8858,21.582728
1896760,62377.329496,i,1.126248,22.815676
1896789,62377.342563,i,1.106955,22.851594
1896831,62377.361448,i,1.086268,22.892372
1896893,62377.390743,i,1.069353,22.931225
1899504,62380.278998,r,1.052384,23.841784
1903088,62385.265995,u,1.322639,22.893837
1903996,62386.239646,u,1.265906,22.843517
1907745,62390.249821,i,0.98052,23.477401
1907780,62390.266375,i,0.943927,23.551012
1908790,62391.298871,r,0.753593,24.509297
1908825,62391.315874,r,0.739302,24.546746
1909354,62393.265183,r,0.840495,24.348917
1909621,62393.395742,z,0.729333,22.161276
1910238,62394.248629,r,0.967725,24.103175
1910278,62394.267194,r,0.931939,24.147056
1914278,62401.198317,y,1.030241,21.402383
1915316,62402.399999,z,1.141385,21.671827
1916132,62404.220771,y,0.980553,21.488485
1919106,62409.214713,r,1.165139,23.803422
1919142,62409.232154,r,1.127656,23.857518
1919934,62410.200687,g,1.191653,24.276204
1919969,62410.218482,g,1.14706,24.271004
1922566,62413.385421,z,0.930383,21.891111
1923017,62414.209082,i,1.283422,23.231338
1923071,62414.237949,i,1.226616,23.318877
1923757,62415.16054,u,1.398321,22.736251
1929237,62422.18931,i,1.058499,23.448587
1929269,62422.203693,i,1.033232,23.542215
1929956,62423.130989,z,1.009387,22.665485
1929986,62423.144567,z,0.966815,22.759236
1931738,62425.19265,r,0.801263,24.085574
1932411,62426.126878,y,0.888067,21.558876
1934097,62428.159171,z,0.779217,22.576693
1934134,62428.178655,z,0.750341,22.655765
1935744,62430.156634,y,0.755989,21.77629
1938802,62435.273069,i,0.757801,23.229587
1938838,62435.289631,i,0.765837,23.207667
1939254,62436.109104,r,1.019657,23.796007
1940816,62438.116354,g,0.819894,24.662191
1940853,62438.13349,g,0.787496,24.747093
1943924,62442.107507,r,1.172843,23.93965
1945359,62451.077157,i,1.485899,22.978417
1945409,62451.10096,i,1.404573,23.100713
1946971,62454.134382,r,0.876077,24.041516
1947007,62454.151038,r,0.861901,24.085961
1949405,62458.086141,y,1.014488,21.461233
1949415,62458.090615,y,1.005884,21.473439
1949425,62458.095089,y,0.997818,21.484939
1952593,62462.221189,z,0.960201,22.158123
1952643,62462.246325,z,0.988249,22.106311
1954375,62465.21543,i,1.183363,22.89155
1954407,62465.229833,i,1.202017,22.851445
1958252,62474.031047,y,1.073738,21.242505
1958293,62474.05082,u,1.311738,22.980044
1961432,62479.039413,y,1.140677,21.192069
1964175,62483.037065,z,0.714525,22.17766
1964222,62483.058442,z,0.694964,23.117749
1971340,62493.13727,i,0.779867,23.256557
1971366,62493.149201,i,0.789483,23.219502
1971895,62494.069819,r,0.871694,24.052255
1975236,62499.046326,z,0.853114,21.991618
1976725,62501.116645,r,0.683191,24.633452
1976746,62501.126769,r,0.690297,24.613223
1977343,62502.077127,u,1.027252,23.343153
1982490,62509.170882,g,0.889375,24.564209
1982532,62509.191343,g,0.943614,24.437791
1988704,62518.110643,z,1.058607,22.206474
1988745,62518.132579,z,1.104115,22.122543
1993014,62524.041978,y,0.902018,21.465916
1993029,62524.049133,y,0.906838,21.458485
1995390,62527.126297,r,1.47489,23.595683
1997545,62530.116887,i,1.241645,23.199784
1997579,62530.132697,i,1.302519,23.107096
1998292,62531.114767,r,1.313823,23.796373
1998321,62531.127983,r,1.367033,23.717689
2004927,62540.040052,z,1.156988,21.654168
2006473,62542.029514,y,1.069531,21.26859
2009585,62546.023263,z,0.836099,22.006928
2009626,62546.044087,z,0.865579,22.56506
2014490,62552.036295,y,0.687173,21.876058
2016186,62554.073534,i,1.138855,22.867251
2017820,62556.060595,r,1.312955,23.758963
2023133,62563.029505,u,1.341263,22.827659
2023143,62563.033985,u,1.364172,22.783831
2026517,62567.01042,z,1.196026,21.60546
2026564,62567.03332,g,1.479827,23.936677
2029070,62571.031009,i,1.127905,23.07327
2029605,62572.007,y,0.924699,21.380231
2029649,62572.029674,i,1.047488,23.073242
2122292,62712.426481,y,0.929419,21.42666
2122298,62712.429185,y,0.926578,21.430956
2130213,62725.342092,y,0.805741,21.702098
2134344,62733.423369,z,0.764986,22.110667
2136796,62736.328928,g,0.92563,24.377317
2136829,62736.344235,g,0.902245,24.421697
2138534,62738.320781,u,1.148659,23.111241
2140401,62740.285764,r,0.800524,24.344976
2140442,62740.305115,r,0.76404,24.436997
2143422,62743.35,i,0.812154,23.779056
2143463,62743.369335,i,0.799545,23.809285
2143475,62743.375295,i,0.796855,23.815794
2145623,62746.264223,i,0.813954,23.654967
2145656,62746.27969,i,0.781826,23.73293
2146603,62747.278707,r,1.083593,24.04301
2148199,62750.236787,r,0.895071,23.852799
2148344,62750.305976,r,0.756913,24.325048
2148376,62750.321484,r,0.741433,24.532103
2149159,62751.240718,y,0.856537,21.603897
2151025,62753.231396,y,0.936269,21.502048
2152043,62754.26435,y,0.946128,21.528896
2152978,62755.255173,y,0.84082,21.651545
2153897,62756.241034,y,1.005596,21.446165
2155616,62758.329105,z,0.688366,22.657885
2155653,62758.349404,z,0.682487,22.684272
2157195,62760.215232,z,0.717541,22.565629
2157229,62760.230723,z,0.685825,22.645233
2159123,62762.404372,z,0.709142,22.189912
2159808,62763.294685,r,0.972848,23.948469
2159856,62763.317704,r,0.955379,23.970867
2161406,62765.221061,r,0.777613,24.381732
2161671,62765.350764,g,0.698216,24.683274
2161707,62765.369752,g,0.702429,24.663832
2162224,62766.195065,i,0.938466,23.462648
2162255,62766.20909,i,0.899064,23.545713
2163829,62769.234175,u,1.189258,23.06849
2164651,62770.189142,u,1.43076,22.71397
2167010,62773.178133,i,1.379952,23.050076
2167043,62773.193051,i,1.32002,23.136059
2169802,62777.189049,r,0.796501,24.283039
2172526,62782.153223,y,0.911036,21.533104
2173597,62784.184828,y,0.754261,21.776797
2176061,62787.160244,z,0.818209,22.232788
2176107,62787.18193,z,0.778287,22.32629
2176117,62787.186404,z,0.771428,22.343085
2176161,62787.207697,z,0.744268,22.412179
2179472,62791.197443,i,0.936549,23.271961
2179502,62791.211041,i,0.920219,23.281576
2180936,62793.1167,r,1.005812,24.026375
2181660,62794.152139,g,0.668177,24.910696
2181694,62794.167742,g,0.646956,24.978322
2183148,62796.104755,r,0.873048,24.171465
2185173,62799.110225,u,1.144845,22.957841
2192428,62814.066175,y,0.757671,21.733687
2192927,62816.114588,z,0.748661,22.347805
2192978,62816.139973,z,0.721087,22.408903
2193533,62817.165371,y,0.746592,21.82029
2194161,62818.097001,i,0.792865,23.219793
2194209,62818.123984,i,0.756752,23.245897
2194217,62818.127591,i,0.752963,23.248626
2194853,62819.081958,r,0.794893,24.114588
2196672,62822.082132,r,0.961333,24.186796
2197977,62825.088293,r,0.766897,24.457354
2200525,62830.038888,y,1.044455,21.256323
2203778,62835.056366,r,0.732689,24.424343
2211042,62850.057099,r,0.951051,24.269733
2212007,62851.180858,i,0.691388,23.738338
2212034,62851.19384,i,0.705245,23.673009
2213325,62853.158421,g,0.912935,24.628437
2213375,62853.182938,g,0.942351,24.263287
2215784,62858.038441,y,0.679687,21.769941
2216693,62859.124687,u,0.731777,23.697013
2219697,62865.126445,r,0.870891,24.300448
2222545,62869.167165,i,1.16747,22.782204
2222584,62869.186072,i,1.22286,22.721361
2224679,62872.179611,z,0.973463,22.16333
2224712,62872.196145,z,1.023231,22.071699
2229616,62882.130106,r,0.980342,24.064312
2229640,62882.141238,r,1.005575,24.06907
2232352,62887.037739,z,0.660994,22.268533
2232392,62887.055943,z,0.66925,23.434948
2237244,62894.060626,g,0.873273,24.454065
2237284,62894.08098,g,0.901246,24.403529
2241023,62906.096558,y,0.812203,21.664428
2242092,62908.059144,i,0.778341,23.399345
2242127,62908.075168,i,0.808482,23.286973
2245151,62912.023881,y,0.629399,21.840556
2248373,62918.056042,u,0.926852,23.229305
2249225,62919.074649,r,0.926153,24.113694
2261998,62937.013922,y,0.808664,21.518021
2263722,62938.998772,y,0.855944,21.468079
2268032,62944.999391,y,0.6523,21.741201
2269795,62946.995418,y,0.655605,21.733507
2343949,63066.400201,r,1.067583,24.048878
2343980,63066.414937,r,1.032323,24.115065
2347696,63070.375935,u,0.925292,23.226948
2348731,63071.38388,i,0.89439,23.574956
2348757,63071.396253,i,0.868597,23.631595
2351761,63077.369962,r,0.825395,24.262299
2351799,63077.387585,r,0.793338,24.406028
2357446,63083.34796,y,1.05262,21.399147
2359388,63085.319661,y,1.013796,21.412068
2361016,63088.381535,r,0.670717,24.308678
2361054,63088.400879,r,0.6543,24.357236
2362608,63092.316389,u,0.915059,23.241244
2363956,63094.344379,g,0.913836,24.600979
2363995,63094.362537,g,0.885388,24.666797
2369402,63107.311601,i,1.355744,22.783676
2369429,63107.323892,i,1.326963,22.861047
2369463,63107.339219,i,1.297928,22.944875
2369490,63107.351548,i,1.279546,22.988012
2371542,63110.257393,y,1.131417,21.301221
2373551,63112.285067,y,0.896101,21.588633
2376936,63117.243226,r,0.947945,23.87279
2379304,63121.243813,r,1.026941,24.073926
2379631,63121.398615,z,0.825773,22.026715
2382010,63124.220578,r,0.968407,24.102271
2382048,63124.238497,r,0.920664,24.20233
2382917,63125.2227,u,1.094266,23.025557
2385561,63131.188836,r,1.172736,23.836153
2386482,63132.198776,z,0.775812,23.104952
2387358,63133.184178,z,0.988472,22.669081
2387388,63133.197863,z,0.945298,22.779043
2387421,63133.212949,z,0.906089,22.885182
2387445,63133.22411,z,0.881741,22.947697
2389580,63137.175997,y,0.845182,21.607157
2391896,63142.323564,z,0.811481,22.446207
2391944,63142.348165,z,0.820648,22.434794
2393626,63144.338664,i,0.92887,23.037989
2393660,63144.355397,i,0.940919,23.014601
2395765,63147.154541,r,0.971934,24.089166
2395808,63147.174343,r,0.917815,24.202617
2396840,63148.261044,g,0.964054,24.312505
2396872,63148.278199,g,0.956479,24.313851
2400857,63153.174075,u,1.261992,22.978941
2402419,63155.135626,u,1.350214,22.773146
2403483,63156.254617,i,0.77581,23.848355
2403532,63156.280632,i,0.773812,23.853335
2404056,63157.14507,g,1.454499,24.032664
2404114,63157.173664,g,1.362849,24.169551
2405824,63159.213534,i,0.81242,23.780451
2405868,63159.234024,i,0.800057,23.810075
2408020,63162.106015,z,0.924894,22.74093
2408050,63162.120082,z,0.8839,22.835895
2408884,63163.130403,y,0.961133,21.498754
2410561,63165.144328,y,1.005372,21.466802
2411313,63166.11351,y,0.889446,21.573572
2412961,63168.145756,y,0.858799,21.644572
2414735,63170.243352,z,0.836751,22.227443
2414774,63170.263096,z,0.842285,22.221023
2421698,63188.172748,i,0.964629,23.613157
2421764,63188.204176,i,0.9663,23.609814
2423655,63191.066192,r,1.111643,23.850872
2425000,63193.022712,z,0.975842,21.814278
2425035,63193.039572,z,0.925623,22.570716
2427470,63196.173577,y,0.883697,21.640569
2428018,63197.080837,y,0.719591,21.844841
2430798,63201.044678,z,0.842717,22.651209
2430843,63201.067521,z,0.807649,22.690272
2432446,63204.173004,r,0.768656,24.162181
2432472,63204.184802,r,0.77491,24.12384
2437926,63213.150191,i,0.882907,23.702038
2437959,63213.168341,i,0.894253,23.67737
2441332,63219.156278,g,0.778232,24.790301
2441364,63219.171699,g,0.792757,24.79136
2441817,63220.059298,r,1.226363,23.849111
2447509,63229.170251,y,0.784904,21.740602
2447515,63229.172944,y,0.789059,21.733021
